{"Ba Vì": {"alleyHousePrice": {"1": {"metadata": "Ngõ rộng từ 5m trở lên", "min": 26.826025807622703, "max": 44.24264178968633, "mean": 37.92998029004394, "std": 6.72473310750964}, "2": {"metadata": "Ngõ rộng từ 3 đến dưới 5m", "min": 21.453641768121564, "max": 35.35544839608233, "mean": 30.320766091437214, "std": 5.3743359679997305}, "3": {"metadata": "Ngõ rộng dưới 3m", "min": 20.95623699034165, "max": 34.49894377477047, "mean": 29.59986146711851, "std": 5.247932234538032}}, "streetHousePrice": {"min": 29.837788917390665, "max": 53.79424406837117, "mean": 43.80675353105202, "std": 7.656995786090991}}, "Ba Đình": {"alleyHousePrice": {"1": {"metadata": "Ngõ rộng từ 5m trở lên", "min": 137.6875358490678, "max": 168.2175400460973, "mean": 154.9219631810215, "std": 9.204999496678843}, "2": {"metadata": "Ngõ rộng từ 3 đến dưới 5m", "min": 106.74858701093348, "max": 130.25662458160838, "mean": 119.58532204732892, "std": 6.836812136461515}, "3": {"metadata": "Ngõ rộng dưới 3m", "min": 99.66869211448245, "max": 119.2897432428113, "mean": 110.23546719478452, "std": 5.715911315308997}}, "streetHousePrice": {"min": 240.81836091288878, "max": 332.1468688727811, "mean": 287.79802054050225, "std": 18.234459572624345}}, "Bắc Từ Liêm": {"alleyHousePrice": {"1": {"metadata": "Ngõ rộng từ 5m trở lên", "min": 79.09450866704313, "max": 109.72195947017491, "mean": 96.85860721013871, "std": 10.428211320221262}, "2": {"metadata": "Ngõ rộng từ 3 đến dưới 5m", "min": 62.58577768265157, "max": 86.16145404133368, "mean": 76.01764327155193, "std": 8.178984450787347}, "3": {"metadata": "Ngõ rộng dưới 3m", "min": 60.219561805564666, "max": 81.48632083384275, "mean": 72.1389242694144, "std": 7.733146794118625}}, "streetHousePrice": {"min": 114.59559598435376, "max": 196.2112480778415, "mean": 155.899136534308, "std": 23.34783980267099}}, "Chương Mỹ": {"alleyHousePrice": {"1": {"metadata": "Ngõ rộng từ 5m trở lên", "min": 32.06371485392972, "max": 47.04264660373409, "mean": 41.482206215316374, "std": 5.61908804845141}, "2": {"metadata": "Ngõ rộng từ 3 đến dưới 5m", "min": 25.640759953828656, "max": 37.56796140459332, "mean": 33.13359159286403, "std": 4.496688106856436}, "3": {"metadata": "Ngõ rộng dưới 3m", "min": 25.04404363340597, "max": 36.62111562289162, "mean": 32.30837411649925, "std": 4.398593236358522}}, "streetHousePrice": {"min": 36.46450803113721, "max": 57.57226497096207, "mean": 48.63488623821348, "std": 6.1652979278481075}}, "Cầu Giấy": {"alleyHousePrice": {"1": {"metadata": "Ngõ rộng từ 5m trở lên", "min": 126.87384004864624, "max": 160.35550469931025, "mean": 146.39019722447543, "std": 9.81698680714056}, "2": {"metadata": "Ngõ rộng từ 3 đến dưới 5m", "min": 98.5285154111383, "max": 123.85244179434815, "mean": 112.84028012261709, "std": 7.374026802822896}, "3": {"metadata": "Ngõ rộng dưới 3m", "min": 92.22496940196991, "max": 113.24244544067761, "mean": 103.91794514799454, "std": 6.3793109303073114}}, "streetHousePrice": {"min": 204.2898270568998, "max": 298.2136025591935, "mean": 252.89046837982485, "std": 20.904953925522804}}, "Gia Lâm": {"alleyHousePrice": {"1": {"metadata": "Ngõ rộng từ 5m trở lên", "min": 54.57171559651769, "max": 75.7223856990884, "mean": 68.19841345638092, "std": 8.397678365677946}, "2": {"metadata": "Ngõ rộng từ 3 đến dưới 5m", "min": 43.62060841233983, "max": 60.20979540598045, "mean": 54.256760397212034, "std": 6.693150595851508}, "3": {"metadata": "Ngõ rộng dưới 3m", "min": 42.57893102329948, "max": 58.26156108741712, "mean": 52.58858627011794, "std": 6.503890567672472}}, "streetHousePrice": {"min": 67.68250686865846, "max": 94.56276599152412, "mean": 82.91506890056748, "std": 6.640418323415043}}, "Hai Bà Trưng": {"alleyHousePrice": {"1": {"metadata": "Ngõ rộng từ 5m trở lên", "min": 117.11598014327615, "max": 139.45009066863327, "mean": 131.40598858797588, "std": 6.988499015406372}, "2": {"metadata": "Ngõ rộng từ 3 đến dưới 5m", "min": 92.37438823195744, "max": 109.1968504471369, "mean": 102.94347587998146, "std": 5.3751369482100655}, "3": {"metadata": "Ngõ rộng dưới 3m", "min": 88.47116504176891, "max": 102.69450060400418, "mean": 97.33552551719137, "std": 4.894594384560339}}, "streetHousePrice": {"min": 193.7322968666742, "max": 279.6037722910996, "mean": 237.23644609430315, "std": 19.66665547582708}}, "Hoài Đức": {"alleyHousePrice": {"1": {"metadata": "Ngõ rộng từ 5m trở lên", "min": 57.874500198596884, "max": 78.35928267624821, "mean": 71.22855897818509, "std": 8.451122398786973}, "2": {"metadata": "Ngõ rộng từ 3 đến dưới 5m", "min": 46.26032097683958, "max": 62.30162604512593, "mean": 56.65704954397645, "std": 6.726380176404746}, "3": {"metadata": "Ngõ rộng dưới 3m", "min": 45.155208982850525, "max": 60.2431989609624, "mean": 54.89460018139092, "std": 6.5194468217329}}, "streetHousePrice": {"min": 69.28303860331148, "max": 95.67934540000125, "mean": 84.20525863031324, "std": 6.033697913047555}}, "Hoàn Kiếm": {"alleyHousePrice": {"1": {"metadata": "Ngõ rộng từ 5m trở lên", "min": 172.92352324606168, "max": 189.77841156888596, "mean": 182.45349245099825, "std": 4.8931872049381955}, "2": {"metadata": "Ngõ rộng từ 3 đến dưới 5m", "min": 133.2544720415398, "max": 148.55494989785677, "mean": 141.78024284855633, "std": 4.370085550015005}, "3": {"metadata": "Ngõ rộng dưới 3m", "min": 123.26965079901326, "max": 138.62644141436158, "mean": 131.98411245338193, "std": 4.627959015484051}}, "streetHousePrice": {"min": 411.1535783353414, "max": 503.2387150550803, "mean": 459.34292130191216, "std": 8.873600307022457}}, "Hoàng Mai": {"alleyHousePrice": {"1": {"metadata": "Ngõ rộng từ 5m trở lên", "min": 80.10075849430561, "max": 111.86941919627836, "mean": 99.62025426451576, "std": 10.597398282618721}, "2": {"metadata": "Ngõ rộng từ 3 đến dưới 5m", "min": 63.923561644548165, "max": 88.01372224652967, "mean": 78.59719018054463, "std": 8.23094937152411}, "3": {"metadata": "Ngõ rộng dưới 3m", "min": 62.25588710526386, "max": 83.73293406850554, "mean": 75.2431218700754, "std": 7.687836613969562}}, "streetHousePrice": {"min": 122.18489978095921, "max": 169.3368687481255, "mean": 147.47132161208796, "std": 9.677779419721642}}, "Hà Đông": {"alleyHousePrice": {"1": {"metadata": "Ngõ rộng từ 5m trở lên", "min": 78.41491819967382, "max": 104.30361618481191, "mean": 95.43810353917493, "std": 8.92289037876171}, "2": {"metadata": "Ngõ rộng từ 3 đến dưới 5m", "min": 62.60929692589807, "max": 82.24888410692702, "mean": 75.37109546653232, "std": 7.015405570601384}, "3": {"metadata": "Ngõ rộng dưới 3m", "min": 61.018567778554406, "max": 78.40324718950117, "mean": 72.23529027110197, "std": 6.659069634875171}}, "streetHousePrice": {"min": 105.97142800516349, "max": 155.75141469004322, "mean": 132.74869225710455, "std": 10.713573054367092}}, "Long Biên": {"alleyHousePrice": {"1": {"metadata": "Ngõ rộng từ 5m trở lên", "min": 81.61864255442671, "max": 107.25050816272078, "mean": 98.19051345364372, "std": 9.358286331481118}, "2": {"metadata": "Ngõ rộng từ 3 đến dưới 5m", "min": 65.15060039741383, "max": 84.78407583939861, "mean": 77.6824857365174, "std": 7.3631699179926455}, "3": {"metadata": "Ngõ rộng dưới 3m", "min": 63.472457627089, "max": 81.13119166285063, "mean": 74.64452778000465, "std": 6.9968595180105595}}, "streetHousePrice": {"min": 128.07504852661742, "max": 173.31519887037035, "mean": 153.21068618646942, "std": 8.555476775422052}}, "Mê Linh": {"alleyHousePrice": {"1": {"metadata": "Ngõ rộng từ 5m trở lên", "min": 31.5417031018705, "max": 48.00179800624392, "mean": 41.873497370369996, "std": 6.100737155114185}, "2": {"metadata": "Ngõ rộng từ 3 đến dưới 5m", "min": 25.221958674417035, "max": 38.352478543915495, "mean": 33.46332370579062, "std": 4.873841332802726}, "3": {"metadata": "Ngõ rộng dưới 3m", "min": 24.63312985940351, "max": 37.405473072566444, "mean": 32.64930458523396, "std": 4.755812021798098}}, "streetHousePrice": {"min": 35.09804646282585, "max": 57.7078133815919, "mean": 48.13078936307695, "std": 6.65327106820243}},