{
    "quận hoàn kiếm": {
        "min": 80.894,
        "max": 411.6659999999999,
        "change_level": 40.63278375456681,
        "mean": 261.82
    },
    "huyện đông anh": {
        "min": 26.013,
        "max": 113.50999999999998,
        "change_level": 92.3100004808456,
        "mean": 42.0
    },
    "huyện thạch thất": {
        "min": 20.975,
        "max": 101.29999999999998,
        "change_level": 91.58150117163568,
        "mean": 43.5
    },
    "quận ba đình": {
        "min": 83.33800000000001,
        "max": 322.044,
        "change_level": 53.03228868300412,
        "mean": 153.64999999999998
    },
    "huyện chương mỹ": {
        "min": 2.89,
        "max": 48.125,
        "change_level": 78.63875838915347,
        "mean": 27.0
    },
    "quận long biên": {
        "min": 54.0125,
        "max": 171.48250000000002,
        "change_level": 62.067047924529696,
        "mean": 93.935
    },
    "phố sơn tây": {
        "min": 18.4645,
        "max": 64.4455,
        "change_level": 87.14530322233921,
        "mean": 41.455
    },
    "huyện sóc sơn": {
        "min": 10.752,
        "max": 22.666,
        "change_level": 26.6562817726969,
        "mean": 21.01
    },
    "huyện ứng hòa": {
        "min": 12.805,
        "max": 29.266,
        "change_level": 36.114081607451894,
        "mean": 29.05
    },
    "huyện thường tín": {
        "min": 38.695,
        "max": 80.014,
        "change_level": 36.86962804260439,
        "mean": 62.5
    },
    "huyện quốc oai": {
        "min": 22.22,
        "max": 22.22,
        "change_level": "",
        "mean": 22.22
    },
    "huyện mê linh": {
        "min": 30.0,
        "max": 30.0,
        "change_level": "",
        "mean": 30.0
    },
    "huyện thanh oai": {
        "min": 73.71,
        "max": 73.71,
        "change_level": "",
        "mean": 73.71
    },
    "huyện đan phượng": {
        "min": 5.2,
        "max": 5.2,
        "change_level": "",
        "mean": 5.2
    },
    "huyện hoài đức": {
        "min": 28.502000000000002,
        "max": 85.63899999999998,
        "change_level": 34.40883007782423,
        "mean": 59.405
    },
    "huyện thanh trì": {
        "min": 35.499,
        "max": 140.9144999999999,
        "change_level": 57.604561351669986,
        "mean": 71.575
    },
    "quận đống đa": {
        "min": 92.1125,
        "max": 308.82,
        "change_level": 52.22930928170961,
        "mean": 151.63
    },
    "quận tây hồ": {
        "min": 76.0965,
        "max": 352.465,
        "change_level": 62.80456932093197,
        "mean": 150.89499999999998
    },
    "quận hai bà trưng": {
        "min": 42.39,
        "max": 185.68699999999998,
        "change_level": 43.72342864397013,
        "mean": 111.66499999999999
    },
    "huyện từ liêm": {
        "min": 62.362,
        "max": 190.754,
        "change_level": 47.33381213506802,
        "mean": 122.92
    },
    "quận thanh xuân": {
        "min": 74.184,
        "max": 266.595,
        "change_level": 49.53374456040412,
        "mean": 135.56
    },
    "quận hoàng mai": {
        "min": 35.184,
        "max": 129.256,
        "change_level": 43.15221485393073,
        "mean": 99.42
    },
    "quận cầu giấy": {
        "min": 98.0125,
        "max": 400.07999999999987,
        "change_level": 135.44069533025782,
        "mean": 181.32999999999998
    },
    "phố hà đông": {
        "min": 46.307,
        "max": 164.129,
        "change_level": 36.77920345785956,
        "mean": 106.67
    }
}