{
    "Huyện Từ Liêm": {
        "Thị trấn Cầu Diễn": {
            "data": {
                "alleyHousePrice": {
                    "min": 77.9709417833084,
                    "max": 126.74346452850992,
                    "mean": 102.82186004312275,
                    "std": 9.513436570006935
                },
                "streetHousePrice": {
                    "min": 125.61688172864466,
                    "max": 219.92795450498133,
                    "mean": 173.23169730545476,
                    "std": 27.46132160382967
                }
            }
        },
        "Xã Mỹ Đình": {
            "data": {
                "alleyHousePrice": {
                    "min": 82.10738510876247,
                    "max": 136.81414871708185,
                    "mean": 109.04908506364511,
                    "std": 10.351045226232602
                },
                "streetHousePrice": {
                    "min": 133.43386032017128,
                    "max": 226.0928090462936,
                    "mean": 180.65711388150496,
                    "std": 25.686296039775264
                }
            }
        },
        "Xã Tây Tựu": {
            "data": {
                "alleyHousePrice": {
                    "min": 46.857194632209335,
                    "max": 91.9294779247119,
                    "mean": 68.47285792954183,
                    "std": 12.094026549196581
                },
                "streetHousePrice": {
                    "min": 78.96823749742407,
                    "max": 134.29708913898293,
                    "mean": 107.81073070498017,
                    "std": 14.845809012864141
                }
            }
        },
        "Xã Phú Diễn": {
            "data": {
                "alleyHousePrice": {
                    "min": 67.39324473058312,
                    "max": 106.61156221201811,
                    "mean": 88.99291388869953,
                    "std": 9.31341390063109
                },
                "streetHousePrice": {
                    "min": 95.42675362322997,
                    "max": 183.43595591401868,
                    "mean": 139.80481817822854,
                    "std": 27.359398376374305
                }
            }
        },
        "Xã Minh Khai": {
            "data": {
                "alleyHousePrice": {
                    "min": 54.0577796999928,
                    "max": 95.25977086567627,
                    "mean": 74.53843151677985,
                    "std": 10.262163508599551
                },
                "streetHousePrice": {
                    "min": 80.6384603567882,
                    "max": 142.98682890033368,
                    "mean": 112.73264563885793,
                    "std": 17.709037751151318
                }
            }
        },
        "Xã Thượng Cát": {
            "data": {
                "alleyHousePrice": {
                    "min": 43.296793576479594,
                    "max": 85.41710859750928,
                    "mean": 63.44122382552502,
                    "std": 11.432481685200546
                },
                "streetHousePrice": {
                    "min": 75.05685621508675,
                    "max": 125.594726770791,
                    "mean": 101.45546727844993,
                    "std": 13.224348174962836
                }
            }
        },
        "Xã Liên Mạc": {
            "data": {
                "alleyHousePrice": {
                    "min": 46.160238783400274,
                    "max": 90.54646121070293,
                    "mean": 67.48451831553298,
                    "std": 11.885437823945706
                },
                "streetHousePrice": {
                    "min": 78.95127122772833,
                    "max": 134.36593697551214,
                    "mean": 107.84805537668376,
                    "std": 14.885689403120068
                }
            }
        },
        "Xã Thuỵ Phương": {
            "data": {
                "alleyHousePrice": {
                    "min": 58.729193488793854,
                    "max": 102.68637034826357,
                    "mean": 80.22965710443766,
                    "std": 10.345829984296383
                },
                "streetHousePrice": {
                    "min": 101.48295679202587,
                    "max": 163.84717404742725,
                    "mean": 132.76922119961162,
                    "std": 16.640252763775806
                }
            }
        },
        "Xã Đông Ngạc": {
            "data": {
                "alleyHousePrice": {
                    "min": 59.05401211836671,
                    "max": 108.21185183241053,
                    "mean": 83.21391771394708,
                    "std": 12.398437064136834
                },
                "streetHousePrice": {
                    "min": 115.26302913021641,
                    "max": 162.03192447231615,
                    "mean": 140.95052783831085,
                    "std": 9.07818115526104
                }
            }
        },
        "Xã Xuân Đỉnh": {
            "data": {
                "alleyHousePrice": {
                    "min": 78.8111511150212,
                    "max": 129.4268191859269,
                    "mean": 104.8197207408168,
                    "std": 10.308464387538695
                },
                "streetHousePrice": {
                    "min": 151.07122605581307,
                    "max": 252.07384367234533,
                    "mean": 202.99199032202682,
                    "std": 27.142625455595784
                }
            }
        },
        "Xã Cổ Nhuế": {
            "data": {
                "alleyHousePrice": {
                    "min": 87.85324591315867,
                    "max": 151.45154836343679,
                    "mean": 118.98551296833485,
                    "std": 12.067061825958119
                },
                "streetHousePrice": {
                    "min": 181.24264002854827,
                    "max": 302.0586132716024,
                    "mean": 241.33253870439853,
                    "std": 33.60545302835687
                }
            }
        },
        "Xã Trung Văn": {
            "data": {
                "alleyHousePrice": {
                    "min": 80.43824292602523,
                    "max": 129.88253999503493,
                    "mean": 105.54079116129328,
                    "std": 9.358984714826898
                },
                "streetHousePrice": {
                    "min": 126.89498546719942,
                    "max": 220.89235168367065,
                    "mean": 174.41900665764592,
                    "std": 27.11973090385155
                }
            }
        },
        "Xã Mễ Trì": {
            "data": {
                "alleyHousePrice": {
                    "min": 73.78846965592534,
                    "max": 125.12113251482334,
                    "mean": 100.27391740564319,
                    "std": 10.500674368379405
                },
                "streetHousePrice": {
                    "min": 117.31431925923735,
                    "max": 213.10860862639143,
                    "mean": 166.1887264284163,
                    "std": 27.97875105840828
                }
            }
        },
        "Xã Tây Mỗ": {
            "data": {
                "alleyHousePrice": {
                    "min": 65.09862892142844,
                    "max": 104.73135929429327,
                    "mean": 86.62901751192523,
                    "std": 8.692380481378182
                },
                "streetHousePrice": {
                    "min": 86.91352592102169,
                    "max": 149.64060925732565,
                    "mean": 118.90014510693469,
                    "std": 17.703026995803366
                }
            }
        },
        "Xã Đại Mỗ": {
            "data": {
                "alleyHousePrice": {
                    "min": 64.96024238194282,
                    "max": 119.15697701701394,