{
    "Huyện Từ Liêm": {
        "Thị trấn Cầu Diễn": {
            "data": {
                "alleyHousePrice": {
                    "min": 81.98997712780161,
                    "max": 127.13568061675703,
                    "mean": 105.57450084335028,
                    "std": 8.806795685505884
                },
                "streetHousePrice": {
                    "min": 126.0871034842079,
                    "max": 220.70916763804559,
                    "mean": 174.08800421459785,
                    "std": 27.645633717732867
                }
            }
        },
        "Xã Mỹ Đình": {
            "data": {
                "alleyHousePrice": {
                    "min": 86.244762520912,
                    "max": 137.23752920795218,
                    "mean": 111.89518855085606,
                    "std": 9.212842387019187
                },
                "streetHousePrice": {
                    "min": 133.35016484754496,
                    "max": 226.0928090462936,
                    "mean": 180.85850986795933,
                    "std": 25.776111448912705
                }
            }
        },
        "Xã Tây Tựu": {
            "data": {
                "alleyHousePrice": {
                    "min": 47.16829605602251,
                    "max": 91.98212428935697,
                    "mean": 68.63976807247658,
                    "std": 11.994004780898045
                },
                "streetHousePrice": {
                    "min": 80.03015224267774,
                    "max": 134.77413013181086,
                    "mean": 108.44099727798498,
                    "std": 14.691377087955253
                }
            }
        },
        "Xã Phú Diễn": {
            "data": {
                "alleyHousePrice": {
                    "min": 68.63452480813802,
                    "max": 106.98975831459592,
                    "mean": 89.81191843918931,
                    "std": 9.209030198204806
                },
                "streetHousePrice": {
                    "min": 96.65670093078397,
                    "max": 184.08754464978813,
                    "mean": 140.5911223965605,
                    "std": 27.272869084454058
                }
            }
        },
        "Xã Minh Khai": {
            "data": {
                "alleyHousePrice": {
                    "min": 54.40988873684057,
                    "max": 95.31432442941029,
                    "mean": 74.72351508626765,
                    "std": 10.153369978404935
                },
                "streetHousePrice": {
                    "min": 81.71262356606985,
                    "max": 143.49473699616263,
                    "mean": 113.38533537201948,
                    "std": 17.582167491981537
                }
            }
        },
        "Xã Thượng Cát": {
            "data": {
                "alleyHousePrice": {
                    "min": 43.84389382920102,
                    "max": 85.46602544494141,
                    "mean": 63.70420735281861,
                    "std": 11.259487691434057
                },
                "streetHousePrice": {
                    "min": 76.50184692696857,
                    "max": 126.040855823452,
                    "mean": 102.22738850971837,
                    "std": 12.9651158236424
                }
            }
        },
        "Xã Liên Mạc": {
            "data": {
                "alleyHousePrice": {
                    "min": 46.48114434883327,
                    "max": 90.59831554645925,
                    "mean": 67.65559402922672,
                    "std": 11.781665769745416
                },
                "streetHousePrice": {
                    "min": 80.01954176396201,
                    "max": 134.8432225249459,
                    "mean": 108.4802652335876,
                    "std": 14.7303184416723
                }
            }
        },
        "Xã Thuỵ Phương": {
            "data": {
                "alleyHousePrice": {
                    "min": 59.30823221543762,
                    "max": 102.7451769924376,
                    "mean": 80.45937298477317,
                    "std": 10.173249849913216
                },
                "streetHousePrice": {
                    "min": 101.96140619372929,
                    "max": 164.42918084355927,
                    "mean": 133.46034036879414,
                    "std": 16.721954705894223
                }
            }
        },
        "Xã Đông Ngạc": {
            "data": {
                "alleyHousePrice": {
                    "min": 59.561831873929776,
                    "max": 112.03113385349444,
                    "mean": 85.01050482967192,
                    "std": 13.585905957881254
                },
                "streetHousePrice": {
                    "min": 115.69449330257346,
                    "max": 162.60748326227713,
                    "mean": 141.63284179117844,
                    "std": 9.04084046738
                }
            }
        },
        "Xã Xuân Đỉnh": {
            "data": {
                "alleyHousePrice": {
                    "min": 79.48366912880113,
                    "max": 136.2981833227962,
                    "mean": 107.78354615318362,
                    "std": 11.277837350388138
                },
                "streetHousePrice": {
                    "min": 151.62681480724856,
                    "max": 252.96924324818423,
                    "mean": 203.98367998462535,
                    "std": 27.30591836160841
                }
            }
        },
        "Xã Cổ Nhuế": {
            "data": {
                "alleyHousePrice": {
                    "min": 92.50432467438945,
                    "max": 151.92022526191886,
                    "mean": 122.27059157055139,
                    "std": 11.814264490145678
                },
                "streetHousePrice": {
                    "min": 182.1113519092002,
                    "max": 303.1315653489046,
                    "mean": 242.59814433674987,
                    "std": 33.7739800699249
                }
            }
        },
        "Xã Trung Văn": {
            "data": {
                "alleyHousePrice": {
                    "min": 84.68778790507871,
                    "max": 130.26789804311122,
                    "mean": 108.40514107994886,
                    "std": 8.61642642291091
                },
                "streetHousePrice": {
                    "min": 127.03620013691815,
                    "max": 220.86036129194042,
                    "mean": 174.69256000803543,
                    "std": 27.179465380566413
                }
            }
        },
        "Xã Mễ Trì": {
            "data": {
                "alleyHousePrice": {
                    "min": 77.6976113003407,
                    "max": 125.56498985717353,
                    "mean": 102.93955840928106,
                    "std": 9.935725624040993
                },
                "streetHousePrice": {
                    "min": 118.42422492459711,
                    "max": 213.10860862639143,
                    "mean": 166.54349826253778,
                    "std": 27.720528513883373
                }
            }
        },
        "Xã Tây Mỗ": {
            "data": {
                "alleyHousePrice": {
                    "min": 65.06546173896618,
                    "max": 105.05545745755582,
                    "mean": 86.8267898545982,
                    "std": 8.702960833886545
                },
                "streetHousePrice": {
                    "min": 87.15665270704083,
                    "max": 150.17215245952886,
                    "mean": 119.45176978511988,
                    "std": 17.831280125254697
                }
            }
        },
        "Xã Đại Mỗ": {
            "data": {
                "alleyHousePrice": {
                    "min": 65.3508534960388,
                    "max": 119.52571621462717,