{
    "Phố Sơn Tây": {
        "Phường Lê Lợi": {
            "data": {
                "alleyHousePrice": {
                    "min": 32.30443859216486,
                    "max": 53.11065310717132,
                    "mean": 43.79174485711483,
                    "std": 5.158223495392968
                },
                "streetHousePrice": {
                    "min": 39.22074996960148,
                    "max": 60.755229766086075,
                    "mean": 51.38418958068871,
                    "std": 5.806843049255831
                }
            }
        },
        "Phường Ngô Quyền": {
            "data": {
                "alleyHousePrice": {
                    "min": 32.30443859216486,
                    "max": 53.11065310717132,
                    "mean": 43.79174485711483,
                    "std": 5.158223495392968
                },
                "streetHousePrice": {
                    "min": 39.22074996960148,
                    "max": 60.755229766086075,
                    "mean": 51.38418958068871,
                    "std": 5.806843049255831
                }
            }
        },
        "Phường Quang Trung": {
            "data": {
                "alleyHousePrice": {
                    "min": 33.36477419582924,
                    "max": 54.009718435861004,
                    "mean": 44.71478243316824,
                    "std": 5.0531893209218905
                },
                "streetHousePrice": {
                    "min": 39.75111169386386,
                    "max": 61.658434845527985,
                    "mean": 52.17111338056778,
                    "std": 5.956698879729991
                }
            }
        },
        "Phường Sơn Lộc": {
            "data": {
                "alleyHousePrice": {
                    "min": 27.78732354195674,
                    "max": 51.938820888161,
                    "mean": 41.817654458989,
                    "std": 7.122911593501133
                },
                "streetHousePrice": {
                    "min": 32.57152077677053,
                    "max": 57.55483088777878,
                    "mean": 47.293954720185916,
                    "std": 8.026521664053762
                }
            }
        },
        "Phường Xuân Khanh": {
            "data": {
                "alleyHousePrice": {
                    "min": 27.864607495260625,
                    "max": 51.938820888161,
                    "mean": 41.847353561980086,
                    "std": 7.082150467776217
                },
                "streetHousePrice": {
                    "min": 32.66211085778167,
                    "max": 57.55483088777878,
                    "mean": 47.32780008638116,
                    "std": 7.977093755707317
                }
            }
        },
        "Phường Phú Thịnh": {
            "data": {
                "alleyHousePrice": {
                    "min": 26.642382591878512,
                    "max": 51.06730890585071,
                    "mean": 40.58566837150739,
                    "std": 7.011224505748091
                },
                "streetHousePrice": {
                    "min": 31.523144950747888,
                    "max": 56.75098480498557,
                    "mean": 46.16654047291436,
                    "std": 7.86243079186721
                }
            }
        },
        "Xã Kim Sơn": {
            "data": {
                "alleyHousePrice": {
                    "min": 26.73910423659853,
                    "max": 51.08430781741832,
                    "mean": 40.63342108747364,
                    "std": 6.967801356356282
                },
                "streetHousePrice": {
                    "min": 31.628680349896545,
                    "max": 56.76987565693658,
                    "mean": 46.21779016753788,
                    "std": 7.813302429171829
                }
            }
        },
        "Xã Đường Lâm": {
            "data": {
                "alleyHousePrice": {
                    "min": 26.642382591878512,
                    "max": 51.06730890585071,
                    "mean": 40.58566837150739,
                    "std": 7.011224505748091
                },
                "streetHousePrice": {
                    "min": 31.523144950747888,
                    "max": 56.75098480498557,
                    "mean": 46.16654047291436,
                    "std": 7.86243079186721
                }
            }
        },
        "Xã Thanh Mỹ": {
            "data": {
                "alleyHousePrice": {
                    "min": 27.88750983145461,
                    "max": 51.95610990225086,
                    "mean": 41.866520049358456,
                    "std": 7.077322688074227
                },
                "streetHousePrice": {
                    "min": 32.679755190800186,
                    "max": 57.57398931812325,
                    "mean": 47.34608430835334,
                    "std": 7.9760544617784195
                }
            }
        },
        "Phường Trung Sơn Trầm": {
            "data": {
                "alleyHousePrice": {
                    "min": 27.78732354195674,
                    "max": 51.938820888161,
                    "mean": 41.817654458989,
                    "std": 7.122911593501133
                },
                "streetHousePrice": {
                    "min": 32.57152077677053,
                    "max": 57.55483088777878,
                    "mean": 47.293954720185916,
                    "std": 8.026521664053762
                }
            }
        },
        "Xã Sơn Động": {
            "data": {
                "alleyHousePrice": {
                    "min": 26.642382591878512,
                    "max": 51.05309288857404,
                    "mean": 40.57726103111832,
                    "std": 7.005408259726496
                },
                "streetHousePrice": {
                    "min": 31.523144950747888,
                    "max": 56.73518657716155,
                    "mean": 46.157001757029796,
                    "std": 7.855463596480861
                }
            }
        },
        "Xã Cổ Đông": {
            "data": {
                "alleyHousePrice": {
                    "min": 27.78732354195674,
                    "max": 51.949497450183564,
                    "mean": 41.824055482545134,
                    "std": 7.127389115935119
                },
                "streetHousePrice": {
                    "min": 32.57152077677053,
                    "max": 57.56666187876323,
                    "mean": 47.30117500817554,
                    "std": 8.031825059235274
                }
            }
        },
        "Phường Viên Sơn": {
            "data": {
                "alleyHousePrice": {
                    "min": 31.49794217797183,
                    "max": 52.68650931717897,
                    "mean": 43.2886007613376,
                    "std": 5.3643733418647255
                },
                "streetHousePrice": {
                    "min": 38.318486815548084,
                    "max": 60.252744898260964,
                    "mean": 50.79147660130309,
                    "std": 6.010401828455064
                }
            }
        }
    }
}