{
    "Huyện Từ Liêm": {
        "Thị trấn Cầu Diễn": {
            "data": {
                "alleyHousePrice": {
                    "min": 79.980459455555,
                    "max": 126.93957257263347,
                    "mean": 104.19818044323651,
                    "std": 9.16011612775641
                },
                "streetHousePrice": {
                    "min": 125.85199260642628,
                    "max": 220.31856107151344,
                    "mean": 173.6598507600263,
                    "std": 27.55347766078127
                }
            }
        },
        "Xã Mỹ Đình": {
            "data": {
                "alleyHousePrice": {
                    "min": 84.17607381483724,
                    "max": 137.025838962517,
                    "mean": 110.47213680725059,
                    "std": 9.781943806625893
                },
                "streetHousePrice": {
                    "min": 133.3920125838581,
                    "max": 226.0928090462936,
                    "mean": 180.75781187473214,
                    "std": 25.731203744343986
                }
            }
        },
        "Xã Tây Tựu": {
            "data": {
                "alleyHousePrice": {
                    "min": 47.01274534411593,
                    "max": 91.95580110703443,
                    "mean": 68.55631300100922,
                    "std": 12.044015665047313
                },
                "streetHousePrice": {
                    "min": 79.4991948700509,
                    "max": 134.5356096353969,
                    "mean": 108.12586399148257,
                    "std": 14.768593050409697
                }
            }
        },
        "Xã Phú Diễn": {
            "data": {
                "alleyHousePrice": {
                    "min": 68.01388476936057,
                    "max": 106.80066026330701,
                    "mean": 89.40241616394442,
                    "std": 9.261222049417949
                },
                "streetHousePrice": {
                    "min": 96.04172727700697,
                    "max": 183.7617502819034,
                    "mean": 140.19797028739453,
                    "std": 27.31613373041418
                }
            }
        },
        "Xã Minh Khai": {
            "data": {
                "alleyHousePrice": {
                    "min": 54.23383421841669,
                    "max": 95.28704764754329,
                    "mean": 74.63097330152375,
                    "std": 10.207766743502244
                },
                "streetHousePrice": {
                    "min": 81.17554196142902,
                    "max": 143.24078294824815,
                    "mean": 113.05899050543871,
                    "std": 17.645602621566425
                }
            }
        },
        "Xã Thượng Cát": {
            "data": {
                "alleyHousePrice": {
                    "min": 43.570343702840304,
                    "max": 85.44156702122535,
                    "mean": 63.572715589171814,
                    "std": 11.345984688317301
                },
                "streetHousePrice": {
                    "min": 75.77935157102766,
                    "max": 125.8177912971215,
                    "mean": 101.84142789408415,
                    "std": 13.094731999302617
                }
            }
        },
        "Xã Liên Mạc": {
            "data": {
                "alleyHousePrice": {
                    "min": 46.32069156611677,
                    "max": 90.57238837858108,
                    "mean": 67.57005617237985,
                    "std": 11.833551796845562
                },
                "streetHousePrice": {
                    "min": 79.48540649584517,
                    "max": 134.60457975022902,
                    "mean": 108.16416030513568,
                    "std": 14.808003922396184
                }
            }
        },
        "Xã Thuỵ Phương": {
            "data": {
                "alleyHousePrice": {
                    "min": 59.01871285211574,
                    "max": 102.71577367035059,
                    "mean": 80.34451504460542,
                    "std": 10.2595399171048
                },
                "streetHousePrice": {
                    "min": 101.72218149287758,
                    "max": 164.13817744549326,
                    "mean": 133.11478078420288,
                    "std": 16.681103734835013
                }
            }
        },
        "Xã Đông Ngạc": {
            "data": {
                "alleyHousePrice": {
                    "min": 59.30792199614824,
                    "max": 110.12149284295248,
                    "mean": 84.1122112718095,
                    "std": 12.992171511009044
                },
                "streetHousePrice": {
                    "min": 115.47876121639493,
                    "max": 162.31970386729665,
                    "mean": 141.29168481474466,
                    "std": 9.059510811320521
                }
            }
        },
        "Xã Xuân Đỉnh": {
            "data": {
                "alleyHousePrice": {
                    "min": 79.14741012191116,
                    "max": 132.86250125436155,
                    "mean": 106.30163344700021,
                    "std": 10.793150868963416
                },
                "streetHousePrice": {
                    "min": 151.34902043153082,
                    "max": 252.52154346026478,
                    "mean": 203.4878351533261,
                    "std": 27.2242719086021
                }
            }
        },
        "Xã Cổ Nhuế": {
            "data": {
                "alleyHousePrice": {
                    "min": 90.17878529377407,
                    "max": 151.68588681267784,
                    "mean": 120.62805226944312,
                    "std": 11.940663158051898
                },
                "streetHousePrice": {
                    "min": 181.67699596887422,
                    "max": 302.59508931025346,
                    "mean": 241.9653415205742,
                    "std": 33.68971654914088
                }
            }
        },
        "Xã Trung Văn": {
            "data": {
                "alleyHousePrice": {
                    "min": 82.56301541555197,
                    "max": 130.07521901907307,
                    "mean": 106.97296612062107,
                    "std": 8.987705568868904
                },
                "streetHousePrice": {
                    "min": 126.96559280205878,
                    "max": 220.87635648780554,
                    "mean": 174.5557833328407,
                    "std": 27.14959814220898
                }
            }
        },
        "Xã Mễ Trì": {
            "data": {
                "alleyHousePrice": {
                    "min": 75.74304047813303,
                    "max": 125.34306118599844,
                    "mean": 101.60673790746213,
                    "std": 10.218199996210199
                },
                "streetHousePrice": {
                    "min": 117.86927209191722,
                    "max": 213.10860862639143,
                    "mean": 166.36611234547703,
                    "std": 27.84963978614583
                }
            }
        },
        "Xã Tây Mỗ": {
            "data": {
                "alleyHousePrice": {
                    "min": 65.0820453301973,
                    "max": 104.89340837592454,
                    "mean": 86.72790368326172,
                    "std": 8.697670657632363
                },
                "streetHousePrice": {
                    "min": 87.03508931403127,
                    "max": 149.90638085842727,
                    "mean": 119.17595744602728,
                    "std": 17.76715356052903
                }
            }
        },
        "Xã Đại Mỗ": {
            "data": {
                "alleyHousePrice": {
                    "min": 65.15554793899081,
                    "max": 119.34134661582056,